{"cameraMode":{"drawMode":0,"name":"Shaded","section":"Shading Mode"},"sceneLighting":true,"audioPlay":false,"sceneViewState":{"m_AlwaysRefresh":false,"showFog":true,"showSkybox":true,"showFlares":true,"showImageEffects":true,"showParticleSystems":true,"showVisualEffectGraphs":true,"m_FxEnabled":true},"in2DMode":false,"pivot":{"x":-2.4107627868652345,"y":0.9222526550292969,"z":2.2005348205566408},"rotation":{"x":-0.010731993243098259,"y":0.9855976700782776,"z":-0.06539410352706909,"w":-0.1561899483203888},"size":88.05235290527344,"orthographic":false}