{"cameraMode":{"drawMode":0,"name":"Shaded","section":"Shading Mode"},"sceneLighting":true,"audioPlay":false,"sceneViewState":{"m_AlwaysRefresh":false,"showFog":true,"showSkybox":true,"showFlares":true,"showImageEffects":true,"showParticleSystems":true,"showVisualEffectGraphs":true,"m_FxEnabled":true},"in2DMode":false,"pivot":{"x":0.0009375810623168945,"y":0.03537122905254364,"z":999.9373168945313},"rotation":{"x":0.06618548184633255,"y":0.7390273213386536,"z":-0.07342396676540375,"w":0.666426956653595},"size":0.8660253882408142,"orthographic":false}